nom_commune;Augmentation_%
ABBEVILLE;350
ABLON-SUR-SEINE;160
AGDE;114.29
AIGUES-MORTES;83.33
AIRE-SUR-L'ADOUR;400
AIX LES BAINS;33.33
ALENCON;100
AMPUIS;100
ANCENIS-SAINT-GEREON;100
ANGLET;100
ANNEMASSE;100
APT;250
ARCACHON;20
ARCUEIL;171.43
ARDON;33.33
ARGENTEUIL;62.07
ARMENTIERES;100
ARNAS;100
ARPAJON;111.11
AUBERGENVILLE;200
AUBERVILLIERS;36
AUCH;200
AULT;33.33
AUTUN;33.33
AUXERRE;77.78
AVIGNON;137.04
AVRANCHES;200
AYTRE;100
BALLAN MIRE;100
BALMA;200
BARCELONNETTE;150
BARRE-DE-MONTS (LA);100
BARSAC;100
BATZ-SUR-MER;25
BEAUMONT-SUR-OISE;66.67
BEAUVAIS;61.54
BEDOIN;100
BELLEVILLE-EN-BEAUJOLAIS;500
BERCK;33.33
BESSANCOURT;20
BETHENY;200
BEUIL;100
BEZIERS;212.5
BEZONS;112.5
BLAIN;100
BLANQUEFORT;100
BLAYE;100
BLOIS;100
BOISSY-L'AILLERIE;100
BOLQUERE;200
BONNEUIL-EN-FRANCE;100
BONNEVILLE;25
BORMES-LES-MIMOSAS;61.54
BOUGUENAIS;25
BOURGES;38.1
BREST;39.29
BRETIGNOLLES-SUR-MER;50
BRIANCON;20
BRIE COMTE ROBERT;63.64
BRIVE LA GAILLARDE;81.82
BRON;28.57
BRUGES;50
BRUNOY;50
BRY-SUR-MARNE;45.45
CADAUJAC;25
CALAIS;350
CALUIRE ET CUIRE;83.33
CANCALE;200
CANEJAN;100
CARCASSONNE;36.36
CARPENTRAS;100
CARQUEFOU;60
CASTELNAU LE LEZ;200
CASTELNAUDARY;200
CASTRIES;100
CAUTERETS;100
CAVAILLON;1500
CAVALAIRE-SUR-MER;300
CAYEUX-SUR-MER;33.33
CENON;177.78
CERGY;60
CHALON-SUR-SAONE;700
CHALONS EN CHAMPAGNE;76.19
CHAMBERY;80
CHAMBRAY LES TOURS;100
CHAMONIX MONT BLANC;25
CHAMPAGNOLE;100
CHAMPCUEIL;100
CHAMPIGNY-SUR-MARNE;104.35
CHAMROUSSE;175
CHANTELOUP EN BRIE;50
CHANTELOUP-LES-VIGNES;300
CHANTILLY;42.86
CHANTONNAY;100
CHANTRAINE;50
CHAPELLE-SUR-ERDRE (LA);400
CHARBONNIERES-LES-BAINS;100
CHARLEVILLE-MEZIERES;100
CHARTRES;42.42
CHARTRES-DE-BRETAGNE;66.67
CHASSIEU;200
CHATEAU-ARNOUX-SAINT-AUBAN;100
CHATEAUBRIANT;200
CHATEAUDUN;150
CHATEAUNEUF S LOIRE;150
CHAUMONT;400
CHELLES;153.33
CHENNEVIERES SUR MARNE;122.22
CHERBOURG-EN-COTENTIN;112.5
CHESSY;20
CHEVREUSE;50
CHILLY MAZARIN;45.45
CHOLET;40
CLAIX;100
CLARENSAC;100
CLAYE-SOUILLY;50
CLERMONT L HERAULT;75
CLICHY;43.18
COMBS LA VILLE;83.33
COMPIEGNE;65
CONCARNEAU;300
CONDRIEU;150
CORBAS;100
CORBREUSE;100
CORRENCON-EN-VERCORS;200
COUBERT;100
COUBRON;200
COUZON-AU-MONT-D OR;150
COYE LA FORET;200
CRAPONNE;33.33
CRECY LA CHAPELLE;100
CREGY-LES-MEAUX;200
CREON;50
CREPY EN VALOIS;100
CREST;300
DAMMARIE LES LYS;114.29
DAMMARTIN-EN-GOELE;28.57
DARDILLY;50
DEUIL LA BARRE;83.33
DINAN;228.57
DINARD;66.67
DIVONNE-LES-BAINS;20
DOL DE BRETAGNE;100
DOMENE;100
DOUBS;100
DOUSSARD;100
DRAGUIGNAN;125
DUCOS;233.33
EAUBONNE;27.27
EGLY;50
ELANCOURT;40
EMBRUN;100
ENNERY;100
EPERNON;100
EPINAL;58.82
ESPALY-SAINT-MARCEL;100
ESSARTS-LE-ROI (LES);75
ETAMPES;20.83
ETANG-LA-VILLE (L );33.33
EVREUX;90.91
EYBENS;200
EYSINES;60
FAVERGES-SEYTHENEX;100
FECAMP;166.67
FENOUILLET;100
FLEURY-MEROGIS;400
FONTAINE;100
FONTENAY-SOUS-BOIS;37.04
FRANCHEVILLE;33.33
FRANCONVILLE LA GARENNE;68.18
FRESNES;65.22
FROGES;50
GAGNY;71.43
GALLARDON;100
GAP;200
GENAS;200
GENTILLY;37.5
GILETTE;100
GIVET;200
GOLBEY;20
GOURNAY-EN-BRAY;100
GOUSSAINVILLE;133.33
GRAND QUEVILLY (LE);300
GRETZ-ARMAINVILLIERS;166.67
GRIGNY;40
GUERET;50
GUICHEN;100
GUIDEL;50
GUIGNES;100
GUIGNEVILLE;100
GUINGAMP;100
GUJAN MESTRAS;50
HALLUIN;200
HAUBOURDIN;50
HENNEBONT;133.33
HERBLAY-SUR-SEINE;25
HOUILLES;162.5
HYERES;56.82
JANZE;300
JARGEAU;50
JOINVILLE-LE-PONT;30.77
L ISLE SUR LA SORGUE;1200
L'HAY-LES-ROSES;50
LA BAULE-ESCOUBLAC;88.46
LA BERNERIE EN RETZ;100
LA BUISSE;100
LA CHAPELLE ST LUC;80
LA CHAUSSEE SAINT VICTOR;200
LA FARLEDE;40
LA FERTE BERNARD;100
LA FERTE SOUS JOUARRE;100
LA GRANDE MOTTE;166.67
LA PLAGNE TARENTAISE;250
LA QUEUE-EN-BRIE;20
LA ROCHELLE;33.33
LA SALLE;200
LA SEYNE SUR MER;38.89
LA TESTE-DE-BUCH;275
LA TURBALLE;40
LA-VOULTE-SUR-RHONE;200
LACROIX FALGARDE;100
LAMBALLE-ARMOR;600
LAMORLAYE;600
LANDIVISIAU;50
LANESTER;150
LANGON;150
LANTON;200
LARMOR-PLAGE;150
LAVAL;100
LE BOURGET;125
LE BOUSCAT;160
LE CHESNAY-ROCQUENCOURT;21.43
LE COTEAU;40
LE CREUSOT;400
LE CROISIC;66.67
LE DEVOLUY;1000
LE GRAU DU ROI;56.76
LE MANS;63.64
LE PALAIS;400
LE PASSAGE;50
LE PERREUX-SUR-MARNE;31.25
LE PIN;200
LE PLESSIS BELLEVILLE;400
LE PLESSIS PATE;300
LE PLESSIS-TREVISE;41.67
LE PONTET;66.67
LE PRADET;200
LE PUY EN VELAY;85.71
LE TEICH;40
LE TOUQUET PARIS PLAGE;150
LE VERDON SUR MER;33.33
LECCI;40
LEOGNAN;100
LEON;100
LES ALLUES;50
LES GETS;100
LES HOUCHES;400
LES ULIS;71.43
LESIGNY;42.86
LESPARRE-MEDOC;100
LEUCATE;20.69
LEVALLOIS-PERRET;44.83
LEVENS;300
LEZIGNAN-CORBIERES;300
LIANCOURT;100
LIBOURNE;140
LIEUSAINT;71.43
LILLE;40.3
LILLEBONNE;100
LIMAY;33.33
LIMEIL-BREVANNES;25
LINAS;20
LISSES;100
LONGJUMEAU;33.33
LONGPONT-SUR-ORGE;25
LONS;600
LORGUES;200
LORIENT;175
LOUVECIENNES;50
LOUVRES;200
LUCE;700
LYON 1ER;36.36
LYON 2EME;31.03
LYON 3EME;680
LYON 5EME;45.83
LYON 6EME;200
LYON 7EME;785.71
LYON 8EME;1666.67
LYON 9EME;33.33
MACON;600
MAGNY-LES-HAMEAUX;125
MAISONS-ALFORT;25
MANDRES-LES-ROSES;33.33
MANIGOD;133.33
MANTES-LA-JOLIE;90
MARCILLY-D AZERGUES;100
MARCQ EN BAROEUL;50
MARCY-L ETOILE;100
MAREIL-MARLY;33.33
MARGNY LES COMPIEGNE;50
MARIN;100
MARMANDE;100
MARSEILLAN;50
MARSILLARGUES;100
MARTIGNAS SUR JALLE;100
MATOURY;100
MAUGUIO;33.33
MAUREPAS;120
MAYENNE;100
MEAUX;46.88
MEGEVE;40
MELUN;95
MENDE;200
MENTON;27.5
MERIEL;50
MERS-LES-BAINS;33.33
MERY-SUR-OISE;25
MESNIL-ESNARD (LE);100
MEYZIEU;333.33
MEZIERES-SUR-SEINE;50
MILHAUD;100
MIMIZAN;50
MINIAC-MORVAN;100
MITRY MORY;66.67
MOISSY-CRAMAYEL;100
MONFLANQUIN;100
MONNETIER-MORNEX;100
MONT SAINT MARTIN;100
MONT-SAINT-AIGNAN;175
MONTAIGU-VENDEE;100
MONTARGIS;166.67
MONTATAIRE;100
MONTELIMAR;325
MONTESSON;42.86
MONTEUX;200
MONTIGNY EN GOHELLE;100
MONTLHERY;75
MONTMAGNY;30
MONTMORENCY;42.86
MORDELLES;100
MORLAIX;900
MORTEAU;50
MUREAUX (LES);200
NANCY;97.06
NANDY;33.33
NARBONNE;132
NEUFCHATEAU;100
NEUILLY-SUR-SEINE;57.45
NICE;28.4
NIORT;180
NOGENT-LE-ROI;400
NOGENT-SUR-MARNE;31.43
NOISY LE ROI;33.33
NOISY-LE-GRAND;80.95
ORANGE;600
ORCIERES;400
ORGEVAL;66.67
ORVAULT;33.33
OULLINS;220
PAILLET;100
PAIMBOEUF;100
PAIMPOL;50
PALAVAS-LES-FLOTS;50
PARAY LE MONIAL;100
PARIS 01;36.36
PARIS 08;20.97
PARIS 10;35.78
PARIS 11;20.96
PARIS 12;23.64
PARIS 16;32.93
PARIS 18;44.71
PARIS 19;26.96
PARIS 20;31.5
PARTHENAY;100
PAU;2500
PECQ (LE);27.27
PELUSSIN;100
PERENCHIES;300
PERRAY-EN-YVELINES (LE);500
PERROS-GUIREC;80
PERTUIS;200
PETIT QUEVILLY (LE);166.67
PHALEMPIN;50
PIERRE BENITE;400
PIERRELATTE;300
PITHIVIERS;100
PLERIN;300
PLESSIS-BOUCHARD (LE);100
POISSY;41.18
PONT ST ESPRIT;400
PONTARLIER;150
PONTAULT COMBAULT;66.67
PONTIVY;66.67
PONTOISE;20.83
PORT-LOUIS;50
POUSSAN;100
PRINGY;33.33
PUGET-SUR-ARGENS;200
PUSSAY;50
QUIBERON;55.56
QUIMPERLE;100
QUINCIEUX;50
RAISMES;200
RAMBOUILLET;60
REAU;200
REIMS;231.25
RENNES;28.81
RETHEL;600
REZE;108.33
RISOUL;100
RIVES-EN-SEINE;50
ROANNE;71.43
ROCHE SUR YON (LA);46.67
ROCHEFORT;100
ROMANS-SUR-ISERE;63.64
ROMORANTIN-LANTHENAY;200
RONCHIN;800
ROSNY-SOUS-BOIS;52.38
ROUBAIX;83.33
ROUEN;772.73
ROUFFIAC TOLOSAN;100
RUELLE-SUR-TOUVRE;200
RUPT-SUR-MOSELLE;100
SAIN-BEL;100
SAINT BREVIN LES PINS;125
SAINT CYR AU MONT D OR;100
SAINT CYR SUR LOIRE;400
SAINT DIE DES VOSGES;233.33
SAINT LAURENT MEDOC;200
SAINT MAX;83.33
SAINT MEDARD EN JALLES;75
SAINT THIBAULT DES VIGNES;33.33
SAINT-ANDRE-DE-CUBZAC;350
SAINT-ANDRE-DES-EAUX;100
SAINT-BRICE-SOUS-FORET;33.33
SAINT-BRIEUC;133.33
SAINT-DENIS;38.24
SAINT-EGREVE;133.33
SAINT-ETIENNE-DU-ROUVRAY;33.33
SAINT-GENIS-LAVAL;25
SAINT-GILLES-CROIX-DE-VIE;20
SAINT-JEAN-LE-BLANC;150
SAINT-LARY-SOULAN;150
SAINT-MALO;29.03
SAINT-MANDE;32.14
SAINT-MARTIN-DE-BROMES;100
SAINT-MARTIN-LE-VINOUX;300
SAINT-MARTIN-VESUBIE;200
SAINT-MEMMIE;100
SAINT-MICHEL-SUR-ORGE;46.15
SAINT-NAZAIRE;50
SAINT-NOM-LA-BRETECHE;100
SAINT-PATHUS;100
SAINT-PAUL-TROIS-CHATEAUX;100
SAINT-PHILIBERT;100
SAINT-PIERRE-DES-CORPS;100
SAINT-PRIEST;66.67
SAINT-PRIX;50
SAINT-PRYVE-SAINT-MESMIN;100
SAINT-QUAY-PORTRIEUX;200
SAINTE FOY LES LYON;20
SAINTE LUCE;200
SAINTE MAXIME;125
SAINTE PAZANNE;100
SAINTE-GENEVIEVE-DES-BOIS;42.86
SAINTE-LUCE-SUR-LOIRE;150
SANNOIS;66.67
SARAN;100
SARRIANS;200
SASSENAGE;33.33
SATHONAY-CAMP;50
SAULX-LES-CHARTREUX;100
SAUMUR;66.67
SAVIGNY-LE-TEMPLE;33.33
SECLIN;100
SEDAN;50
SENS;200
SERIGNAN;200
SOUSTONS;25
ST FONS;266.67
ST GRATIEN;55.56
ST ORENS DE GAMEVILLE;200
ST SEBASTIEN SUR LOIRE;42.86
ST-HERBLAIN;90.48
TANINGES;250
TARARE;75
TASSIN-LA-DEMI-LUNE;35.71
THIAIS;126.67
THYEZ;100
TIGERY;200
TINQUEUX;166.67
TOUL;200
TOURCOING;90
TOURNEFEUILLE;100
TOURS;47.06
TRANCHE-SUR-MER (LA);42.86
TREILLIERES;200
TRESSES;100
TROIS ILETS;33.33
TROYES;58.82
TULLINS;50
UZES;85.71
VAISON-LA-ROMAINE;50
VAL-D ISERE;100
VALENCIENNES;275
VALMEINIER;200
VALRAS-PLAGE;80
VALS-LES-BAINS;33.33
VANDOEUVRE LES NANCY;57.14
VAULX EN VELIN;66.67
VAUX-LE-PENIL;100
VENISSIEUX;125
VERNON;350
VERNOUILLET;33.33
VERRIERES-EN-ANJOU;100
VETRAZ-MONTHOUX;500
VIAS;100
VILLARD-BONNOT;150
VILLEFRANCHE;70.37
VILLEMOMBLE;26.67
VILLENEUVE SUR LOT;400
VILLENNES-SUR-SEINE;200
VILLENOY;350
VILLERS-COTTERETS;66.67
VILLETANEUSE;100
VILLEURBANNE;137.93
VILLIERS-LE-BEL;100
VILLIERS-SUR-MARNE;26.67
VINEUIL ST FIRMIN;100
VITRE;300
VITRY-SUR-SEINE;42.86
VOIRON;180
VOREPPE;400
WITRY-LES-REIMS;200
YVETOT;100
ZONZA;50
