Zone,Année,Valeur
Afghanistan,2013,32269.589
Afghanistan,2014,33370.794000000002
Afghanistan,2015,34413.603000000003
Afghanistan,2016,35383.031999999999
Afghanistan,2017,36296.112999999998
Afghanistan,2018,37171.921000000002
Afrique du Sud,2013,53687.120999999999
Afrique du Sud,2014,54544.186000000002
Afrique du Sud,2015,55386.366999999998
Afrique du Sud,2016,56207.645999999993
Afrique du Sud,2017,57009.756000000001
Afrique du Sud,2018,57792.517999999996
Albanie,2013,2903.79
Albanie,2014,2896.3049999999998
Albanie,2015,2890.5129999999999
Albanie,2016,2886.4380000000001
Albanie,2017,2884.1690000000008
Albanie,2018,2882.7399999999998
Algérie,2013,38140.133000000002
Algérie,2014,38923.692000000003
Algérie,2015,39728.025000000001
Algérie,2016,40551.392
Algérie,2017,41389.188999999998
Algérie,2018,42228.408000000003
Allemagne,2013,81174.366999999998
Allemagne,2014,81450.377999999997
Allemagne,2015,81787.410999999993
Allemagne,2016,82193.767999999996
Allemagne,2017,82658.409
Allemagne,2018,83124.418000000005
Andorre,2013,80.774000000000001
Andorre,2014,79.213000000000022
Andorre,2015,78.011000000000024
Andorre,2016,77.296999999999997
Andorre,2017,77.001000000000005
Andorre,2018,77.006
Angola,2013,26015.781000000006
Angola,2014,26941.778999999999
Angola,2015,27884.381000000001
Angola,2016,28842.489000000001
Angola,2017,29816.766
Angola,2018,30809.787
Anguilla,2013,13.954000000000001
Anguilla,2014,14.112
Anguilla,2015,14.279000000000002
Anguilla,2016,14.429
Anguilla,2017,14.584
Anguilla,2018,14.731
Antigua-et-Barbuda,2013,91.516000000000005
Antigua-et-Barbuda,2014,92.561999999999998
Antigua-et-Barbuda,2015,93.566000000000003
Antigua-et-Barbuda,2016,94.527000000000001
Antigua-et-Barbuda,2017,95.426000000000002
Antigua-et-Barbuda,2018,96.286000000000001
Antilles néerlandaises (ex),2013,263.87200000000001
Antilles néerlandaises (ex),2014,267.00599999999997
Antilles néerlandaises (ex),2015,269.93599999999998
Antilles néerlandaises (ex),2016,272.69299999999998
Antilles néerlandaises (ex),2017,275.18599999999998
Antilles néerlandaises (ex),2018,277.483
Arabie saoudite,2013,30052.059000000001
Arabie saoudite,2014,30916.597000000002
Arabie saoudite,2015,31717.667000000001
Arabie saoudite,2016,32443.447
Arabie saoudite,2017,33101.178999999996
Arabie saoudite,2018,33702.756000000001
Argentine,2013,42196.029999999999
Argentine,2014,42637.510999999999
Argentine,2015,43075.415999999997
Argentine,2016,43508.459999999999
Argentine,2017,43937.139999999999
Argentine,2018,44361.150000000001
Arménie,2013,2897.5880000000002
Arménie,2014,2912.4090000000001
Arménie,2015,2925.5529999999999
Arménie,2016,2936.143
Arménie,2017,2944.7910000000002
Arménie,2018,2951.7449999999999
Aruba,2013,103.15900000000001
Aruba,2014,103.774
Aruba,2015,104.34099999999999
Aruba,2016,104.872
Aruba,2017,105.366
Aruba,2018,105.845
Australie,2013,23254.913
Australie,2014,23596.423999999999
Australie,2015,23932.502
Australie,2016,24262.712000000003
Australie,2017,24584.619999999999
Australie,2018,24898.151999999998
Autriche,2013,8556.1890000000003
Autriche,2014,8615.2139999999999
Autriche,2015,8678.6599999999999
Autriche,2016,8747.3009999999995
Autriche,2017,8819.9009999999998
Autriche,2018,8891.3880000000008
Azerbaïdjan,2013,9385.4680000000008
Azerbaïdjan,2014,9505.6219999999994
Azerbaïdjan,2015,9622.7450000000008
Azerbaïdjan,2016,9736.0429999999997
Azerbaïdjan,2017,9845.3199999999997
Azerbaïdjan,2018,9949.5370000000003
Bahamas,2013,367.16899999999998
Bahamas,2014,370.63299999999998
Bahamas,2015,374.20600000000002
Bahamas,2016,377.93000000000001
Bahamas,2017,381.755
Bahamas,2018,385.637
Bahreïn,2013,1315.0279999999998
Bahreïn,2014,1336.075
Bahreïn,2015,1371.8510000000001
Bahreïn,2016,1425.7919999999999
Bahreïn,2017,1494.076
Bahreïn,2018,1569.4459999999999
Bangladesh,2013,152761.41800000001
Bangladesh,2014,154517.38199999998
Bangladesh,2015,156256.27599999998
Bangladesh,2016,157977.15300000002
Bangladesh,2017,159685.424
Bangladesh,2018,161376.70800000001
Barbade,2013,284.29599999999999
Barbade,2014,284.82600000000002
Barbade,2015,285.32400000000001
Barbade,2016,285.79599999999999
Barbade,2017,286.23200000000003
Barbade,2018,286.64100000000002
Bélarus,2013,9423.5059999999994
Bélarus,2014,9431.7350000000006
Bélarus,2015,9439.4230000000007
Bélarus,2016,9445.643
Bélarus,2017,9450.2309999999998
Bélarus,2018,9452.6170000000002
Belgique,2013,11154.008999999998
Belgique,2014,11221.231000000002
Belgique,2015,11287.940000000001
Belgique,2016,11354.42
Belgique,2017,11419.748
Belgique,2018,11482.178
Belize,2013,345.71499999999997
Belize,2014,353.36599999999999
Belize,2015,360.93300000000005
Belize,2016,368.39999999999998
Belize,2017,375.76900000000001
Belize,2018,383.07100000000003
Bénin,2013,10004.591
Bénin,2014,10286.843999999999
Bénin,2015,10575.951999999999
Bénin,2016,10872.063
Bénin,2017,11175.198
Bénin,2018,11485.044
Bermudes,2013,64.38600000000001
Bermudes,2014,64.033000000000001
Bermudes,2015,63.692
Bermudes,2016,63.362000000000002
Bermudes,2017,63.048999999999999
Bermudes,2018,62.756
Bhoutan,2013,710.23699999999997
Bhoutan,2014,719.05499999999995
Bhoutan,2015,727.8760000000002
Bhoutan,2016,736.7080000000002
Bhoutan,2017,745.56299999999999
Bhoutan,2018,754.38800000000003
Bolivie (État plurinational de),2013,10542.377
Bolivie (État plurinational de),2014,10706.517
Bolivie (État plurinational de),2015,10869.73
Bolivie (État plurinational de),2016,11031.813999999997
Bolivie (État plurinational de),2017,11192.855
Bolivie (État plurinational de),2018,11353.142
"Bonaire, Saint-Eustache et Saba",2013,23.504999999999999
"Bonaire, Saint-Eustache et Saba",2014,24.07
"Bonaire, Saint-Eustache et Saba",2015,24.57
"Bonaire, Saint-Eustache et Saba",2016,25.02
"Bonaire, Saint-Eustache et Saba",2017,25.401
"Bonaire, Saint-Eustache et Saba",2018,25.710999999999999
Bosnie-Herzégovine,2013,3542.6060000000002
Bosnie-Herzégovine,2014,3482.105
Bosnie-Herzégovine,2015,3429.3609999999999
Bosnie-Herzégovine,2016,3386.2660000000001
Bosnie-Herzégovine,2017,3351.5250000000001
Bosnie-Herzégovine,2018,3323.9250000000002
Botswana,2013,2062.5479999999998
Botswana,2014,2088.6179999999999
Botswana,2015,2120.7159999999999
Botswana,2016,2159.9270000000001
Botswana,2017,2205.0799999999999
Botswana,2018,2254.0680000000002
Brésil,2013,201035.91200000001
Brésil,2014,202763.739
Brésil,2015,204471.769
Brésil,2016,206163.05300000001
Brésil,2017,207833.823
Brésil,2018,209469.323
Brunéi Darussalam,2013,404.42099999999999
Brunéi Darussalam,2014,409.76900000000001
Brunéi Darussalam,2015,414.90699999999998
Brunéi Darussalam,2016,419.80000000000001
Brunéi Darussalam,2017,424.47300000000001
Brunéi Darussalam,2018,428.96300000000002
Bulgarie,2013,7290.0880000000016
Bulgarie,2014,7245.6459999999997
Bulgarie,2015,7199.741
Bulgarie,2016,7151.9530000000004
Bulgarie,2017,7102.4440000000004
Bulgarie,2018,7051.6080000000002
Burkina Faso,2013,17072.785
Burkina Faso,2014,17586.029999999999
Burkina Faso,2015,18110.624
Burkina Faso,2016,18646.357
Burkina Faso,2017,19193.234
Burkina Faso,2018,19751.466
Burundi,2013,9540.2909999999993
Burundi,2014,9844.2990000000009
Burundi,2015,10160.030000000001
Burundi,2016,10487.995000000001
Burundi,2017,10827.018999999998
Burundi,2018,11175.374
Cabo Verde,2013,511.7480000000001
Cabo Verde,2014,518.27099999999996
Cabo Verde,2015,524.74300000000005
Cabo Verde,2016,531.14599999999996
Cabo Verde,2017,537.49800000000005
Cabo Verde,2018,543.76699999999983
Cambodge,2013,15026.332
Cambodge,2014,15274.503000000001
Cambodge,2015,15521.436000000003
Cambodge,2016,15766.291999999999
Cambodge,2017,16009.409
Cambodge,2018,16249.791999999999
Cameroun,2013,22077.294000000002
Cameroun,2014,22681.852000000006
Cameroun,2015,23298.367999999999
Cameroun,2016,23926.550999999999
Cameroun,2017,24566.073
Cameroun,2018,25216.267000000003
Canada,2013,35296.527999999998
Canada,2014,35664.337
Canada,2015,36026.675999999999
Canada,2016,36382.944000000003
Canada,2017,36732.095000000001
Canada,2018,37074.562000000013
Chili,2013,17571.506999999998
Chili,2014,17758.958999999999
Chili,2015,17969.352999999999
Chili,2016,18209.067999999999
Chili,2017,18470.438999999998
Chili,2018,18729.16
Chine - RAS de Hong-Kong,2013,7088.7780000000002
Chine - RAS de Hong-Kong,2014,7134.6700000000001
Chine - RAS de Hong-Kong,2015,7185.9960000000001
Chine - RAS de Hong-Kong,2016,7243.5419999999976
Chine - RAS de Hong-Kong,2017,7306.3219999999992
Chine - RAS de Hong-Kong,2018,7371.7299999999996
Chine - RAS de Macao,2013,577.37199999999996
Chine - RAS de Macao,2014,590.2080000000002
Chine - RAS de Macao,2015,602.08500000000004
Chine - RAS de Macao,2016,612.83600000000001
Chine - RAS de Macao,2017,622.58500000000004
Chine - RAS de Macao,2018,631.63599999999997
"Chine, continentale",2013,1391883.3300000001
"Chine, continentale",2014,1399453.9650000001
"Chine, continentale",2015,1406847.8700000001
"Chine, continentale",2016,1414049.351
"Chine, continentale",2017,1421021.791
"Chine, continentale",2018,1427647.7859999996
"Chine, Taiwan Province de",2013,23421.581999999999
"Chine, Taiwan Province de",2014,23491.975999999999
"Chine, Taiwan Province de",2015,23557.477000000006
"Chine, Taiwan Province de",2016,23618.200000000001
"Chine, Taiwan Province de",2017,23674.545999999998
"Chine, Taiwan Province de",2018,23726.459999999999
Chypre,2013,1143.866
Chypre,2014,1152.2850000000001
Chypre,2015,1160.9849999999999
Chypre,2016,1170.1869999999999
Chypre,2017,1179.6780000000001
Chypre,2018,1189.2650000000001
Colombie,2013,46495.493000000002
Colombie,2014,46967.696000000004
Colombie,2015,47520.667000000001
Colombie,2016,48175.052000000003
Colombie,2017,48909.839000000007
Colombie,2018,49661.048000000003
Comores,2013,741.505
Comores,2014,759.38999999999999
Comores,2015,777.42399999999998
Comores,2016,795.59199999999998
Comores,2017,813.89199999999983
Comores,2018,832.322
Congo,2013,4622.7619999999997
Congo,2014,4736.9759999999997
Congo,2015,4856.0950000000003
Congo,2016,4980.9960000000001
Congo,2017,5110.6949999999997
Congo,2018,5244.3590000000004
Costa Rica,2013,4742.107
Costa Rica,2014,4795.3959999999997
Costa Rica,2015,4847.8040000000001
Costa Rica,2016,4899.3450000000003
Costa Rica,2017,4949.9540000000015
Costa Rica,2018,4999.4409999999998
Côte d'Ivoire,2013,22087.504000000001
Côte d'Ivoire,2014,22647.684000000001
Côte d'Ivoire,2015,23226.143
Côte d'Ivoire,2016,23822.714
Côte d'Ivoire,2017,24437.470000000001
Côte d'Ivoire,2018,25069.23
Croatie,2013,4276.598
Croatie,2014,4255.5119999999997
Croatie,2015,4232.8739999999998
Croatie,2016,4208.6019999999999
Croatie,2017,4182.857
Croatie,2018,4156.4049999999997
Cuba,2013,11282.723
Cuba,2014,11306.904
Cuba,2015,11324.781000000001
Cuba,2016,11335.103999999999
Cuba,2017,11339.254000000001
Cuba,2018,11338.133999999998
Curaçao,2013,156.79399999999995
Curaçao,2014,158.422
Curaçao,2015,159.84700000000001
Curaçao,2016,161.05200000000005
Curaçao,2017,161.99700000000001
Curaçao,2018,162.75200000000001
Danemark,2013,5638.1450000000004
Danemark,2014,5664.1959999999999
Danemark,2015,5688.6949999999997
Danemark,2016,5711.3490000000002
Danemark,2017,5732.2740000000003
Danemark,2018,5752.1260000000002
Djibouti,2013,883.29300000000001
Djibouti,2014,898.69500000000005
Djibouti,2015,913.99300000000005
Djibouti,2016,929.11199999999997
Djibouti,2017,944.09900000000005
Djibouti,2018,958.923
Dominique,2013,71.016000000000005
Dominique,2014,71.084999999999994
Dominique,2015,71.183000000000007
Dominique,2016,71.307000000000002
Dominique,2017,71.457999999999998
Dominique,2018,71.625
Égypte,2013,88404.645999999993
Égypte,2014,90424.656000000003
Égypte,2015,92442.547000000006
Égypte,2016,94447.073000000004
Égypte,2017,96442.591
Égypte,2018,98423.597999999998
El Salvador,2013,6266.0699999999997
El Salvador,2014,6295.1280000000015
El Salvador,2015,6325.1239999999998
El Salvador,2016,6356.143
El Salvador,2017,6388.1260000000002
El Salvador,2018,6420.7460000000001
Émirats arabes unis,2013,9197.9099999999999
Émirats arabes unis,2014,9214.1749999999993
Émirats arabes unis,2015,9262.8999999999996
Émirats arabes unis,2016,9360.9799999999996
Émirats arabes unis,2017,9487.2029999999995
Émirats arabes unis,2018,9630.9590000000007
Équateur,2013,15707.473999999998
Équateur,2014,15951.84
Équateur,2015,16212.02
Équateur,2016,16491.116000000002
Équateur,2017,16785.361000000001
Équateur,2018,17084.358
Érythrée,2013,3281.4490000000001
Érythrée,2014,3311.4490000000001
Érythrée,2015,3342.8180000000002
Érythrée,2016,3376.5569999999998
Érythrée,2017,3412.893
Érythrée,2018,3452.7860000000001
Espagne,2013,46930.555
Espagne,2014,46777.925000000003
Espagne,2015,46671.925999999999
Espagne,2016,46634.139999999999
Espagne,2017,46647.428
Espagne,2018,46692.858
Estonie,2013,1319.0619999999999
Estonie,2014,1316.277
Estonie,2015,1315.325
Estonie,2016,1316.51
Estonie,2017,1319.3900000000001
Estonie,2018,1322.9200000000001
Eswatini,2013,1086.8430000000001
Eswatini,2014,1095.019
Eswatini,2015,1104.0440000000001
Eswatini,2016,1113.9970000000001
Eswatini,2017,1124.8050000000001
Eswatini,2018,1136.2809999999999
États-Unis d'Amérique,2013,316400.538
États-Unis d'Amérique,2014,318673.41100000002
États-Unis d'Amérique,2015,320878.31
États-Unis d'Amérique,2016,323015.995
États-Unis d'Amérique,2017,325084.75599999999
États-Unis d'Amérique,2018,327096.26500000001
Éthiopie,2013,95385.797999999995
Éthiopie,2014,98094.264999999999
Éthiopie,2015,100835.458
Éthiopie,2016,103603.462
Éthiopie,2017,106399.924
Éthiopie,2018,109224.414
Fédération de Russie,2013,144325.44899999999
Fédération de Russie,2014,144664.84099999999
Fédération de Russie,2015,144985.057
Fédération de Russie,2016,145275.383
Fédération de Russie,2017,145530.08199999999
Fédération de Russie,2018,145734.038
Fidji,2013,865.60800000000017
Fidji,2014,866.45299999999997
Fidji,2015,868.62699999999995
Fidji,2016,872.39899999999989
Fidji,2017,877.45899999999995
Fidji,2018,883.48300000000017
Finlande,2013,5438.982
Finlande,2014,5461.4110000000001
Finlande,2015,5481.1219999999985
Finlande,2016,5497.7130000000016
Finlande,2017,5511.3710000000001
Finlande,2018,5522.576
France,2013,63893.525000000001
France,2014,64193.550000000003
France,2015,64453.199999999997
France,2016,64667.595999999998
France,2017,64842.509000000013
France,2018,64990.510999999999
Gabon,2013,1817.0709999999999
Gabon,2014,1883.8
Gabon,2015,1947.6859999999999
Gabon,2016,2007.873
Gabon,2017,2064.8229999999999
Gabon,2018,2119.2750000000001
Gambie,2013,1963.712
Gambie,2014,2024.0419999999999
Gambie,2015,2085.8600000000001
Gambie,2016,2149.136
Gambie,2017,2213.8890000000001
Gambie,2018,2280.0940000000001
Géorgie,2013,4048.701
Géorgie,2014,4035.3110000000001
Géorgie,2015,4024.183
Géorgie,2016,4015.4499999999998
Géorgie,2017,4008.7159999999999
Géorgie,2018,4002.942
Ghana,2013,26607.645
Ghana,2014,27224.473000000002
Ghana,2015,27849.205000000002
Ghana,2016,28481.945
Ghana,2017,29121.465
Ghana,2018,29767.102000000006
Gibraltar,2013,33.692
Gibraltar,2014,33.725000000000001
Gibraltar,2015,33.735999999999997
Gibraltar,2016,33.736999999999995
Gibraltar,2017,33.728000000000002
Gibraltar,2018,33.718000000000004
Grèce,2013,10740.5
Grèce,2014,10701.456
Grèce,2015,10659.75
Grèce,2016,10615.184999999999
Grèce,2017,10569.450000000001
Grèce,2018,10522.245999999999
Grenade,2013,108.17
Grenade,2014,108.902
Grenade,2015,109.599
Grenade,2016,110.261
Grenade,2017,110.874
Grenade,2018,111.45399999999999
Groenland,2013,56.414000000000001
Groenland,2014,56.381
Groenland,2015,56.377000000000002
Groenland,2016,56.411999999999999
Groenland,2017,56.481000000000002
Groenland,2018,56.563999999999993
Guadeloupe,2013,402.82900000000001
Guadeloupe,2014,401.31400000000002
Guadeloupe,2015,400.255
Guadeloupe,2016,399.76299999999998
Guadeloupe,2017,399.67200000000003
Guadeloupe,2018,399.84800000000001
Guam,2013,160.40700000000001
Guam,2014,161.01599999999999
Guam,2015,161.85299999999995
Guam,2016,162.95099999999999
Guam,2017,164.28099999999995
Guam,2018,165.768
Guatemala,2013,15595.816000000001
Guatemala,2014,15923.236000000001
Guatemala,2015,16252.428999999998
Guatemala,2016,16583.076000000001
Guatemala,2017,16914.970000000001
Guatemala,2018,17247.848999999998
Guinée,2013,10892.816999999999
Guinée,2014,11150.982
Guinée,2015,11432.088
Guinée,2016,11738.428999999998
Guinée,2017,12067.518999999998
Guinée,2018,12414.293
Guinée équatoriale,2013,1076.413
Guinée équatoriale,2014,1122.277
Guinée équatoriale,2015,1168.568
Guinée équatoriale,2016,1215.1800000000001
Guinée équatoriale,2017,1262.002
Guinée équatoriale,2018,1308.9749999999999
Guinée-Bissau,2013,1648.2550000000001
Guinée-Bissau,2014,1692.4369999999999
Guinée-Bissau,2015,1737.2020000000002
Guinée-Bissau,2016,1782.4380000000001
Guinée-Bissau,2017,1828.145
Guinée-Bissau,2018,1874.3030000000001
Guyana,2013,759.28499999999997
Guyana,2014,763.38
Guyana,2015,767.43200000000002
Guyana,2016,771.36800000000005
Guyana,2017,775.22199999999998
Guyana,2018,779.0060000000002
Guyane française,2013,249.054
Guyane française,2014,254.773
Guyane française,2015,260.99900000000002
Guyane française,2016,267.82100000000003
Guyane française,2017,275.19099999999997
Guyane française,2018,282.93799999999999
Haïti,2013,10400.674999999999
Haïti,2014,10549.008999999998
Haïti,2015,10695.541999999999
Haïti,2016,10839.969999999999
Haïti,2017,10982.366000000002
Haïti,2018,11123.178
Honduras,2013,8798.5210000000006
Honduras,2014,8955.5889999999999
Honduras,2015,9112.9159999999993
Honduras,2016,9270.7950000000001
Honduras,2017,9429.0130000000008
Honduras,2018,9587.5220000000008
Hongrie,2013,9833.9230000000007
Hongrie,2014,9804.991
Hongrie,2015,9777.9230000000007
Hongrie,2016,9752.9750000000004
Hongrie,2017,9729.8230000000003
Hongrie,2018,9707.4989999999998
Île de Man,2013,83.975999999999999
Île de Man,2014,83.488
Île de Man,2015,83.233999999999995
Île de Man,2016,83.287000000000006
Île de Man,2017,83.597999999999999
Île de Man,2018,84.077000000000012
Îles Anglo-Normandes,2013,163.03799999999995
Îles Anglo-Normandes,2014,164.09999999999999
Îles Anglo-Normandes,2015,165.38499999999999
Îles Anglo-Normandes,2016,166.923
Îles Anglo-Normandes,2017,168.66499999999999
Îles Anglo-Normandes,2018,170.49900000000005
Îles Caïmanes,2013,59.932000000000002
Îles Caïmanes,2014,60.847999999999999
Îles Caïmanes,2015,61.723999999999997
Îles Caïmanes,2016,62.569000000000003
Îles Caïmanes,2017,63.381999999999998
Îles Caïmanes,2018,64.173999999999992
Îles Cook,2013,17.832999999999998
Îles Cook,2014,17.690999999999999
Îles Cook,2015,17.585999999999999
Îles Cook,2016,17.524000000000001
Îles Cook,2017,17.507000000000001
Îles Cook,2018,17.518000000000001
Îles Falkland (Malvinas),2013,2.794
Îles Falkland (Malvinas),2014,2.7919999999999998
Îles Falkland (Malvinas),2015,2.8340000000000001
Îles Falkland (Malvinas),2016,2.9279999999999999
Îles Falkland (Malvinas),2017,3.0680000000000001
Îles Falkland (Malvinas),2018,3.234
Îles Féroé,2013,47.892000000000003
Îles Féroé,2014,47.960000000000001
Îles Féroé,2015,48.051000000000002
Îles Féroé,2016,48.173000000000002
Îles Féroé,2017,48.331000000000003
Îles Féroé,2018,48.497
Îles Mariannes du Nord,2013,54.783999999999999
Îles Mariannes du Nord,2014,55.305
Îles Mariannes du Nord,2015,55.780000000000001
Îles Mariannes du Nord,2016,56.188000000000002
Îles Mariannes du Nord,2017,56.561999999999998
Îles Mariannes du Nord,2018,56.881999999999998
Îles Marshall,2013,56.938000000000002
Îles Marshall,2014,57.179000000000002
Îles Marshall,2015,57.438999999999993
Îles Marshall,2016,57.734999999999999
Îles Marshall,2017,58.058
Îles Marshall,2018,58.412999999999997
Îles Salomon,2013,571.33600000000001
Îles Salomon,2014,587.07900000000018
Îles Salomon,2015,603.11800000000005
Îles Salomon,2016,619.43799999999999
Îles Salomon,2017,636.03899999999999
Îles Salomon,2018,652.85699999999997
Îles Turques-et-Caïques,2013,34.731000000000002
Îles Turques-et-Caïques,2014,35.369
Îles Turques-et-Caïques,2015,35.981000000000002
Îles Turques-et-Caïques,2016,36.558999999999997
Îles Turques-et-Caïques,2017,37.115000000000002
Îles Turques-et-Caïques,2018,37.664999999999999
Îles Vierges américaines,2013,105.303
Îles Vierges américaines,2014,105.114
Îles Vierges américaines,2015,104.958
Îles Vierges américaines,2016,104.83499999999999
Îles Vierges américaines,2017,104.751
Îles Vierges américaines,2018,104.68000000000001
Îles Vierges britanniques,2013,28.847000000000001
Îles Vierges britanniques,2014,28.989000000000001
Îles Vierges britanniques,2015,29.152000000000001
Îles Vierges britanniques,2016,29.355
Îles Vierges britanniques,2017,29.577000000000002
Îles Vierges britanniques,2018,29.802
Îles Wallis-et-Futuna,2013,12.356
Îles Wallis-et-Futuna,2014,12.34
Îles Wallis-et-Futuna,2015,12.265999999999998
Îles Wallis-et-Futuna,2016,12.106999999999999
Îles Wallis-et-Futuna,2017,11.9
Îles Wallis-et-Futuna,2018,11.661
Inde,2013,1280842.125
Inde,2014,1295600.7720000001
Inde,2015,1310152.4029999999
Inde,2016,1324517.2490000001
Inde,2017,1338676.7849999999
Inde,2018,1352642.28
Indonésie,2013,251805.307
Indonésie,2014,255128.076
Indonésie,2015,258383.25599999999
Indonésie,2016,261556.38099999999
Indonésie,2017,264650.96299999999
Indonésie,2018,267670.54300000001
Iran (République islamique d'),2013,76481.960999999996
Iran (République islamique d'),2014,77465.770000000004
Iran (République islamique d'),2015,78492.214999999997
Iran (République islamique d'),2016,79563.989000000001
Iran (République islamique d'),2017,80673.883000000002
Iran (République islamique d'),2018,81800.187999999995
Iraq,2013,33157.050000000003
Iraq,2014,34411.951000000001
Iraq,2015,35572.260999999999
Iraq,2016,36610.632000000012
Iraq,2017,37552.781000000003
Iraq,2018,38433.599999999999
Irlande,2013,4615.4220000000014
Irlande,2014,4626.8440000000001
Irlande,2015,4652.4250000000002
Irlande,2016,4695.7790000000005
Irlande,2017,4753.2790000000005
Irlande,2018,4818.6899999999996
Islande,2013,327.18700000000001
Islande,2014,328.59399999999999
Islande,2015,330.24300000000005
Islande,2016,332.20600000000002
Islande,2017,334.39300000000009
Islande,2018,336.71300000000002
Israël,2013,7734.8409999999985
Israël,2014,7854.2130000000016
Israël,2015,7978.4899999999998
Israël,2016,8108.9849999999997
Israël,2017,8243.848
Israël,2018,8381.5159999999996
Italie,2013,60166.830000000002
Italie,2014,60409.620000000003
Italie,2015,60578.494000000013
Italie,2016,60663.059999999998
Italie,2017,60673.701000000001
Italie,2018,60627.290999999997
Jamaïque,2013,2858.712
Jamaïque,2014,2875.1390000000001
Jamaïque,2015,2891.0210000000002
Jamaïque,2016,2906.2359999999999
Jamaïque,2017,2920.848
Jamaïque,2018,2934.8470000000002
Japon,2013,128314.19500000001
Japon,2014,128168.639
Japon,2015,127985.133
Japon,2016,127763.265
Japon,2017,127502.72500000001
Japon,2018,127202.192
Jordanie,2013,8518.9830000000002
Jordanie,2014,8918.8280000000013
Jordanie,2015,9266.5750000000007
Jordanie,2016,9554.2860000000001
Jordanie,2017,9785.8430000000008
Jordanie,2018,9965.3179999999993
Kazakhstan,2013,17026.116999999998
Kazakhstan,2014,17302.615000000002
Kazakhstan,2015,17572.016
Kazakhstan,2016,17830.901000000002
Kazakhstan,2017,18080.019
Kazakhstan,2018,18319.617999999999
Kenya,2013,45519.981
Kenya,2014,46700.055
Kenya,2015,47878.336000000003
Kenya,2016,49051.534000000007
Kenya,2017,50221.142
Kenya,2018,51392.565000000002
Kirghizistan,2013,5731.3030000000008
Kirghizistan,2014,5844.5319999999983
Kirghizistan,2015,5959.1210000000001
Kirghizistan,2016,6074.3299999999999
Kirghizistan,2017,6189.7330000000002
Kirghizistan,2018,6304.0299999999997
Kiribati,2013,107.89
Kiribati,2014,109.39100000000001
Kiribati,2015,110.93000000000001
Kiribati,2016,112.524
Kiribati,2017,114.158
Kiribati,2018,115.84699999999999
Koweït,2013,3526.3760000000002
Koweït,2014,3690.9409999999998
Koweït,2015,3835.5909999999999
Koweït,2016,3956.875
Koweït,2017,4056.0990000000002
Koweït,2018,4137.3119999999999
Lesotho,2013,2028.53
Lesotho,2014,2043.4449999999999
Lesotho,2015,2059.0210000000002
Lesotho,2016,2075.0300000000002
Lesotho,2017,2091.5340000000001
Lesotho,2018,2108.328
Lettonie,2013,2044.9570000000001
Lettonie,2014,2021.2190000000001
Lettonie,2015,1997.674
Lettonie,2016,1974.2660000000001
Lettonie,2017,1951.097
Lettonie,2018,1928.4590000000001
Liban,2013,5913.0219999999999
Liban,2014,6261.0439999999999
Liban,2015,6532.6780000000008
Liban,2016,6714.2809999999999
Liban,2017,6819.3730000000014
Liban,2018,6859.4080000000004
Libéria,2013,4248.3339999999998
Libéria,2014,4359.5059999999985
Libéria,2015,4472.2299999999996
Libéria,2016,4586.7870000000003
Libéria,2017,4702.2259999999997
Libéria,2018,4818.973
Libye,2013,6320.3599999999997
Libye,2014,6362.0369999999984
Libye,2015,6418.3149999999996
Libye,2016,6492.1619999999984
Libye,2017,6580.7240000000002
Libye,2018,6678.5590000000002
Liechtenstein,2013,36.933999999999997
Liechtenstein,2014,37.222999999999999
Liechtenstein,2015,37.469999999999999
Liechtenstein,2016,37.658000000000001
Liechtenstein,2017,37.799999999999997
Liechtenstein,2018,37.909999999999997
Lituanie,2013,3008.9340000000002
Lituanie,2014,2971.4970000000008
Lituanie,2015,2931.8800000000001
Lituanie,2016,2889.5569999999998
Lituanie,2017,2845.4140000000002
Lituanie,2018,2801.2640000000001
Luxembourg,2013,542.55999999999995
Luxembourg,2014,554.51599999999996
Luxembourg,2015,566.74099999999999
Luxembourg,2016,579.26400000000001
Luxembourg,2017,591.90999999999997
Luxembourg,2018,604.245
Macédoine du Nord,2013,2076.067
Macédoine du Nord,2014,2077.7750000000001
Macédoine du Nord,2015,2079.328
Macédoine du Nord,2016,2080.7429999999999
Macédoine du Nord,2017,2081.9960000000001
Macédoine du Nord,2018,2082.9570000000008
Madagascar,2013,22961.255000000001
Madagascar,2014,23589.887999999999
Madagascar,2015,24234.088
Madagascar,2016,24894.369999999999
Madagascar,2017,25570.511999999999
Madagascar,2018,26262.312999999998
Malaisie,2013,29468.922999999999
Malaisie,2014,29866.602999999999
Malaisie,2015,30270.962000000003
Malaisie,2016,30684.653999999999
Malaisie,2017,31104.646000000001
Malaisie,2018,31528.032999999999
Malawi,2013,15839.286
Malawi,2014,16289.552
Malawi,2015,16745.303
Malawi,2016,17205.261000000002
Malawi,2017,17670.196
Malawi,2018,18143.217000000001
Maldives,2013,415.59300000000002
Maldives,2014,435.01499999999999
Maldives,2015,454.91500000000002
Maldives,2016,475.512
Maldives,2017,496.40199999999999
Maldives,2018,515.69600000000003
Mali,2013,16449.853999999999
Mali,2014,16934.214
Mali,2015,17438.778000000002
Mali,2016,17965.442999999999
Mali,2017,18512.43
Mali,2018,19077.749
Malte,2013,426.15100000000001
Malte,2014,430.197
Malte,2015,433.55900000000003
Malte,2016,436.09699999999998
Malte,2017,437.93300000000005
Malte,2018,439.2480000000001
Maroc,2013,33715.703000000001
Maroc,2014,34192.357000000004
Maroc,2015,34663.603000000003
Maroc,2016,35126.283000000003
Maroc,2017,35581.254999999997
Maroc,2018,36029.093000000001
Martinique,2013,384.57600000000002
Martinique,2014,381.13799999999998
Martinique,2015,378.47800000000001
Martinique,2016,376.791
Martinique,2017,375.94799999999998
Martinique,2018,375.673
Maurice,2013,1255.452
Maurice,2014,1257.355
Maurice,2015,1259.4559999999999
Maurice,2016,1261.865
Maurice,2017,1264.499
Maurice,2018,1267.1849999999999
Mauritanie,2013,3817.4940000000001
Mauritanie,2014,3930.8960000000002
Mauritanie,2015,4046.3009999999999
Mauritanie,2016,4163.5329999999985
Mauritanie,2017,4282.5699999999997
Mauritanie,2018,4403.3130000000001
Mayotte,2013,227.37799999999999
Mayotte,2014,233.654
Mayotte,2015,240.02000000000001
Mayotte,2016,246.44999999999999
Mayotte,2017,252.95699999999999
Mayotte,2018,259.53100000000001
Mexique,2013,118827.16099999999
Mexique,2014,120355.128
Mexique,2015,121858.258
Mexique,2016,123333.376
Mexique,2017,124777.32399999999
Mexique,2018,126190.788
Micronésie (États fédérés de),2013,105.926
Micronésie (États fédérés de),2014,107.446
Micronésie (États fédérés de),2015,108.895
Micronésie (États fédérés de),2016,110.215
Micronésie (États fédérés de),2017,111.459
Micronésie (États fédérés de),2018,112.64
Monaco,2013,36.901000000000003
Monaco,2014,37.322000000000003
Monaco,2015,37.718000000000004
Monaco,2016,38.07
Monaco,2017,38.392000000000003
Monaco,2018,38.682000000000002
Mongolie,2013,2881.7910000000002
Mongolie,2014,2940.1080000000002
Mongolie,2015,2998.4390000000008
Mongolie,2016,3056.364
Mongolie,2017,3113.7860000000001
Mongolie,2018,3170.2159999999999
Monténégro,2013,626.34500000000003
Monténégro,2014,626.64499999999998
Monténégro,2015,626.95600000000002
Monténégro,2016,627.26400000000001
Monténégro,2017,627.56299999999999
Monténégro,2018,627.80899999999997
Montserrat,2013,4.944
Montserrat,2014,4.9569999999999999
Montserrat,2015,4.9669999999999996
Montserrat,2016,4.9809999999999999
Montserrat,2017,4.984
Montserrat,2018,4.9930000000000003
Mozambique,2013,25560.755000000001
Mozambique,2014,26286.191000000006
Mozambique,2015,27042.002
Mozambique,2016,27829.937999999998
Mozambique,2017,28649.018
Mozambique,2018,29496.004000000001
Myanmar,2013,51852.468000000001
Myanmar,2014,52280.824000000001
Myanmar,2015,52680.726000000002
Myanmar,2016,53045.201000000001
Myanmar,2017,53382.523000000001
Myanmar,2018,53708.32
Namibie,2013,2233.5079999999998
Namibie,2014,2273.4229999999998
Namibie,2015,2314.904
Namibie,2016,2358.0439999999999
Namibie,2017,2402.6329999999998
Namibie,2018,2448.3009999999999
Nauru,2013,10.209
Nauru,2014,10.289
Nauru,2015,10.382999999999999
Nauru,2016,10.475
Nauru,2017,10.573
Nauru,2018,10.67
Népal,2013,26916.793000000001
Népal,2014,26905.977999999999
Népal,2015,27015.031000000006
Népal,2016,27263.433000000001
Népal,2017,27632.681
Népal,2018,28095.714
Nicaragua,2013,6062.4569999999985
Nicaragua,2014,6142.7309999999998
Nicaragua,2015,6223.2399999999998
Nicaragua,2016,6303.9740000000002
Nicaragua,2017,6384.8459999999995
Nicaragua,2018,6465.5010000000002
Niger,2013,18504.281000000006
Niger,2014,19240.179
Niger,2015,20001.663
Niger,2016,20788.797999999999
Niger,2017,21602.382000000001
Niger,2018,22442.822
Nigéria,2013,171765.81600000002
Nigéria,2014,176404.93399999995
Nigéria,2015,181137.448
Nigéria,2016,185960.24100000001
Nigéria,2017,190873.24400000001
Nigéria,2018,195874.68299999999
Nioué,2013,1.6120000000000001
Nioué,2014,1.609
Nioué,2015,1.619
Nioué,2016,1.6140000000000001
Nioué,2017,1.609
Nioué,2018,1.6200000000000001
Norvège,2013,5079.4549999999999
Norvège,2014,5142.2650000000003
Norvège,2015,5199.8359999999984
Norvège,2016,5250.9490000000014
Norvège,2017,5296.326
Norvège,2018,5337.9620000000004
Nouvelle-Calédonie,2013,264.24200000000002
Nouvelle-Calédonie,2014,267.73900000000003
Nouvelle-Calédonie,2015,271.065
Nouvelle-Calédonie,2016,274.19099999999997
Nouvelle-Calédonie,2017,277.14999999999998
Nouvelle-Calédonie,2018,279.99299999999999
Nouvelle-Zélande,2013,4518.5150000000003
Nouvelle-Zélande,2014,4567.527
Nouvelle-Zélande,2015,4614.5320000000002
Nouvelle-Zélande,2016,4659.2650000000003
Nouvelle-Zélande,2017,4702.0340000000015
Nouvelle-Zélande,2018,4743.1309999999985
Oman,2013,3764.806
Oman,2014,4027.2600000000002
Oman,2015,4267.348
Oman,2016,4479.2190000000001
Oman,2017,4665.9279999999999
Oman,2018,4829.473
Ouganda,2013,35694.519
Ouganda,2014,36911.523000000001
Ouganda,2015,38225.453000000001
Ouganda,2016,39649.165999999997
Ouganda,2017,41166.588000000003
Ouganda,2018,42729.035999999986
Ouzbékistan,2013,29932.631000000001
Ouzbékistan,2014,30426.387999999999
Ouzbékistan,2015,30929.557000000001
Ouzbékistan,2016,31441.751
Ouzbékistan,2017,31959.785
Ouzbékistan,2018,32476.243999999999
Pakistan,2013,191260.80600000001
Pakistan,2014,195305.01300000001
Pakistan,2015,199426.96400000001
Pakistan,2016,203631.353
Pakistan,2017,207906.209
Pakistan,2018,212228.28599999999
Palaos,2013,17.605999999999995
Palaos,2014,17.625999999999994
Palaos,2015,17.664999999999999
Palaos,2016,17.725000000000001
Palaos,2017,17.808
Palaos,2018,17.907
Palestine,2013,4333.5230000000001
Palestine,2014,4428.6390000000001
Palestine,2015,4529.1660000000002
Palestine,2016,4635.6540000000005
Palestine,2017,4747.2269999999999
Palestine,2018,4862.9790000000003
Panama,2013,3835.4349999999999
Panama,2014,3901.3139999999999
Panama,2015,3968.4870000000001
Panama,2016,4037.078
Panama,2017,4106.7690000000002
Panama,2018,4176.8690000000015
Papouasie-Nouvelle-Guinée,2013,7788.3800000000001
Papouasie-Nouvelle-Guinée,2014,7946.7299999999996
Papouasie-Nouvelle-Guinée,2015,8107.7749999999996
Papouasie-Nouvelle-Guinée,2016,8271.7619999999988
Papouasie-Nouvelle-Guinée,2017,8438.0360000000001
Papouasie-Nouvelle-Guinée,2018,8606.3230000000003
Paraguay,2013,6510.2759999999998
Paraguay,2014,6599.5259999999998
Paraguay,2015,6688.7460000000001
Paraguay,2016,6777.8719999999985
Paraguay,2017,6867.0609999999997
Paraguay,2018,6956.0659999999998
Pays-Bas,2013,16843.502
Pays-Bas,2014,16892.523000000001
Pays-Bas,2015,16938.499
Pays-Bas,2016,16981.294999999998
Pays-Bas,2017,17021.346999999998
Pays-Bas,2018,17059.560000000001
Pérou,2013,29773.987000000001
Pérou,2014,30090.359
Pérou,2015,30470.734
Pérou,2016,30926.032000000007
Pérou,2017,31444.297999999999
Pérou,2018,31989.259999999998
Philippines,2013,98871.554999999993
Philippines,2014,100513.14200000001
Philippines,2015,102113.212
Philippines,2016,103663.81600000001
Philippines,2017,105172.925
Philippines,2018,106651.394
Pologne,2013,38158.040999999997
Pologne,2014,38091.089
Pologne,2015,38034.078999999998
Pologne,2016,37989.220000000001
Pologne,2017,37953.18
Pologne,2018,37921.591999999997
Polynésie française,2013,270.32799999999997
Polynésie française,2014,271.70499999999998
Polynésie française,2015,273.12400000000002
Polynésie française,2016,274.57499999999999
Polynésie française,2017,276.10200000000003
Polynésie française,2018,277.67900000000003
Porto Rico,2013,3503.8580000000002
Porto Rico,2014,3453.672
Porto Rico,2015,3381.518
Porto Rico,2016,3283.125
Porto Rico,2017,3163.6669999999999
Porto Rico,2018,3039.5959999999995
Portugal,2013,10473.021000000001
Portugal,2014,10418.218000000001
Portugal,2015,10368.351000000001
Portugal,2016,10325.538
Portugal,2017,10288.527
Portugal,2018,10256.192999999999
Qatar,2013,2336.5740000000001
Qatar,2014,2459.1979999999999
Qatar,2015,2565.71
Qatar,2016,2654.3740000000007
Qatar,2017,2724.7280000000001
Qatar,2018,2781.6819999999998
République arabe syrienne,2013,19578.460999999999
République arabe syrienne,2014,18710.710999999999
République arabe syrienne,2015,17997.407999999999
République arabe syrienne,2016,17465.575000000001
République arabe syrienne,2017,17095.678
République arabe syrienne,2018,16945.057000000001
République centrafricaine,2013,4447.9440000000004
République centrafricaine,2014,4464.1750000000002
République centrafricaine,2015,4493.1700000000001
République centrafricaine,2016,4537.6859999999997
République centrafricaine,2017,4596.0230000000001
République centrafricaine,2018,4666.3680000000004
République de Corée,2013,50345.716999999997
République de Corée,2014,50607.906999999999
République de Corée,2015,50823.093000000001
République de Corée,2016,50983.457000000002
République de Corée,2017,51096.415000000001
République de Corée,2018,51171.705999999998
République de Moldova,2013,4074.5909999999999
République de Moldova,2014,4073.4070000000002
République de Moldova,2015,4070.6999999999998
République de Moldova,2016,4066.009
République de Moldova,2017,4059.6840000000002
République de Moldova,2018,4051.944
République démocratique du Congo,2013,71358.807000000001
République démocratique du Congo,2014,73767.447
République démocratique du Congo,2015,76244.544000000009
République démocratique du Congo,2016,78789.127000000008
République démocratique du Congo,2017,81398.76400000001
République démocratique du Congo,2018,84068.091
République démocratique populaire lao,2013,6541.3040000000001
République démocratique populaire lao,2014,6639.7559999999985
République démocratique populaire lao,2015,6741.1640000000016
République démocratique populaire lao,2016,6845.8459999999995
République démocratique populaire lao,2017,6953.0349999999999
République démocratique populaire lao,2018,7061.5069999999996
République dominicaine,2013,10048.232
République dominicaine,2014,10165.183000000001
République dominicaine,2015,10281.68
République dominicaine,2016,10397.741
République dominicaine,2017,10513.103999999999
République dominicaine,2018,10627.141
République populaire démocratique de Corée,2013,24929.497000000007
République populaire démocratique de Corée,2014,25057.790000000001
République populaire démocratique de Corée,2015,25183.832999999999
République populaire démocratique de Corée,2016,25307.665000000001
République populaire démocratique de Corée,2017,25429.825000000001
République populaire démocratique de Corée,2018,25549.603999999999
République-Unie de Tanzanie,2013,48483.129000000001
République-Unie de Tanzanie,2014,49960.561000000002
République-Unie de Tanzanie,2015,51482.633000000002
République-Unie de Tanzanie,2016,53049.230000000003
République-Unie de Tanzanie,2017,54660.339000000007
République-Unie de Tanzanie,2018,56313.438000000002
Réunion,2013,850.5139999999999
Réunion,2014,856.96100000000001
Réunion,2015,863.36300000000006
Réunion,2016,869.74300000000005
Réunion,2017,876.1339999999999
Réunion,2018,882.52600000000018
Roumanie,2013,20132.776000000002
Roumanie,2014,20035.93
Roumanie,2015,19925.174999999999
Roumanie,2016,19796.285
Roumanie,2017,19653.969000000001
Roumanie,2018,19506.114000000001
Royaume-Uni de Grande-Bretagne et d'Irlande du Nord,2013,64984.017999999996
Royaume-Uni de Grande-Bretagne et d'Irlande du Nord,2014,65423.046999999999
Royaume-Uni de Grande-Bretagne et d'Irlande du Nord,2015,65860.145999999993
Royaume-Uni de Grande-Bretagne et d'Irlande du Nord,2016,66297.944000000003
Royaume-Uni de Grande-Bretagne et d'Irlande du Nord,2017,66727.460999999996
Royaume-Uni de Grande-Bretagne et d'Irlande du Nord,2018,67141.684000000008
Rwanda,2013,10811.538
Rwanda,2014,11083.629999999999
Rwanda,2015,11369.071000000002
Rwanda,2016,11668.826999999999
Rwanda,2017,11980.960999999999
Rwanda,2018,12301.969999999999
Sahara occidental,2013,504.858
Sahara occidental,2014,514.995
Sahara occidental,2015,526.21600000000001
Sahara occidental,2016,538.74900000000002
Sahara occidental,2017,552.61500000000001
Sahara occidental,2018,567.40199999999982
Saint-Barthélemy,2013,9.5370000000000008
Saint-Barthélemy,2014,9.6229999999999993
Saint-Barthélemy,2015,9.6929999999999996
Saint-Barthélemy,2016,9.7479999999999993
Saint-Barthélemy,2017,9.7840000000000007
Saint-Barthélemy,2018,9.8160000000000007
"Sainte-Hélène, Ascension et Tristan da Cunha",2013,5.5839999999999996
"Sainte-Hélène, Ascension et Tristan da Cunha",2014,5.7389999999999999
"Sainte-Hélène, Ascension et Tristan da Cunha",2015,5.8650000000000002
"Sainte-Hélène, Ascension et Tristan da Cunha",2016,5.9560000000000004
"Sainte-Hélène, Ascension et Tristan da Cunha",2017,6.0079999999999991
"Sainte-Hélène, Ascension et Tristan da Cunha",2018,6.0350000000000001
Sainte-Lucie,2013,177.51300000000001
Sainte-Lucie,2014,178.29599999999999
Sainte-Lucie,2015,179.12599999999995
Sainte-Lucie,2016,180.024
Sainte-Lucie,2017,180.95400000000001
Sainte-Lucie,2018,181.88900000000001
Saint-Kitts-et-Nevis,2013,50.331000000000003
Saint-Kitts-et-Nevis,2014,50.774000000000001
Saint-Kitts-et-Nevis,2015,51.203000000000003
Saint-Kitts-et-Nevis,2016,51.625
Saint-Kitts-et-Nevis,2017,52.045000000000002
Saint-Kitts-et-Nevis,2018,52.441000000000003
Saint-Marin,2013,32.553000000000004
Saint-Marin,2014,32.948
Saint-Marin,2015,33.271999999999998
Saint-Marin,2016,33.503999999999998
Saint-Marin,2017,33.670999999999999
Saint-Marin,2018,33.784999999999997
Saint-Martin (partie française),2013,36.453000000000003
Saint-Martin (partie française),2014,36.015000000000001
Saint-Martin (partie française),2015,35.858000000000011
Saint-Martin (partie française),2016,36.064999999999998
Saint-Martin (partie française),2017,36.560000000000002
Saint-Martin (partie française),2018,37.264000000000003
Saint-Pierre-et-Miquelon,2013,6.1729999999999992
Saint-Pierre-et-Miquelon,2014,6.0750000000000002
Saint-Pierre-et-Miquelon,2015,5.9929999999999986
Saint-Pierre-et-Miquelon,2016,5.9340000000000002
Saint-Pierre-et-Miquelon,2017,5.8870000000000005
Saint-Pierre-et-Miquelon,2018,5.8490000000000002
Saint-Siège,2013,0.80099999999999993
Saint-Siège,2014,0.80000000000000004
Saint-Siège,2015,0.80299999999999994
Saint-Siège,2016,0.80099999999999993
Saint-Siège,2017,0.79299999999999993
Saint-Siège,2018,0.80099999999999993
Saint-Vincent-et-les Grenadines,2013,108.622
Saint-Vincent-et-les Grenadines,2014,108.861
Saint-Vincent-et-les Grenadines,2015,109.148
Saint-Vincent-et-les Grenadines,2016,109.459
Saint-Vincent-et-les Grenadines,2017,109.827
Saint-Vincent-et-les Grenadines,2018,110.211
Samoa,2013,190.71799999999999
Samoa,2014,192.221
Samoa,2015,193.51300000000001
Samoa,2016,194.535
Samoa,2017,195.352
Samoa,2018,196.12899999999999
Samoa américaines,2013,55.713000000000001
Samoa américaines,2014,55.790999999999997
Samoa américaines,2015,55.811999999999998
Samoa américaines,2016,55.741000000000007
Samoa américaines,2017,55.619999999999997
Samoa américaines,2018,55.465000000000003
Sao Tomé-et-Principe,2013,192.08699999999999
Sao Tomé-et-Principe,2014,195.727
Sao Tomé-et-Principe,2015,199.43199999999999
Sao Tomé-et-Principe,2016,203.227
Sao Tomé-et-Principe,2017,207.08900000000003
Sao Tomé-et-Principe,2018,211.02799999999999
Sénégal,2013,13782.424000000001
Sénégal,2014,14174.739
Sénégal,2015,14578.459000000001
Sénégal,2016,14993.518999999998
Sénégal,2017,15419.355
Sénégal,2018,15854.323
Serbie,2013,8918.9040000000005
Serbie,2014,8898.2890000000007
Serbie,2015,8876.777
Serbie,2016,8853.9629999999997
Serbie,2017,8829.6280000000006
Serbie,2018,8802.7540000000008
Seychelles,2013,93.394999999999996
Seychelles,2014,94.215000000000003
Seychelles,2015,94.977999999999994
Seychelles,2016,95.709999999999994
Seychelles,2017,96.418000000000006
Seychelles,2018,97.096000000000004
Sierra Leone,2013,6863.9809999999998
Sierra Leone,2014,7017.1480000000001
Sierra Leone,2015,7171.9140000000016
Sierra Leone,2016,7328.8339999999998
Sierra Leone,2017,7488.4230000000016
Sierra Leone,2018,7650.1499999999996
Singapour,2013,5453.7369999999992
Singapour,2014,5525.6260000000002
Singapour,2015,5592.1519999999991
Singapour,2016,5653.634
Singapour,2017,5708.0410000000002
Singapour,2018,5757.4989999999998
Sint Maarten  (partie néerlandaise),2013,37.582999999999998
Sint Maarten  (partie néerlandaise),2014,38.875999999999998
Sint Maarten  (partie néerlandaise),2015,39.968000000000004
Sint Maarten  (partie néerlandaise),2016,40.808
Sint Maarten  (partie néerlandaise),2017,41.444000000000003
Sint Maarten  (partie néerlandaise),2018,41.939999999999998
Slovaquie,2013,5421.7250000000004
Slovaquie,2014,5428.8030000000008
Slovaquie,2015,5435.6109999999999
Slovaquie,2016,5442.0030000000015
Slovaquie,2017,5447.8999999999996
Slovaquie,2018,5453.0140000000001
Slovénie,2013,2063.1100000000001
Slovénie,2014,2067.4879999999998
Slovénie,2015,2071.1990000000001
Slovénie,2016,2074.21
Slovénie,2017,2076.3939999999998
Slovénie,2018,2077.837
Somalie,2013,13063.700999999999
Somalie,2014,13423.567999999999
Somalie,2015,13797.200999999999
Somalie,2016,14185.636
Somalie,2017,14589.178999999998
Somalie,2018,15008.226000000001
Soudan,2013,37072.550000000003
Soudan,2014,37977.654999999999
Soudan,2015,38902.949999999997
Soudan,2016,39847.438999999998
Soudan,2017,40813.396999999997
Soudan,2018,41801.533000000003
Soudan du Sud,2013,10355.035
Soudan du Sud,2014,10554.879999999999
Soudan du Sud,2015,10715.657999999999
Soudan du Sud,2016,10832.518
Soudan du Sud,2017,10910.763000000001
Soudan du Sud,2018,10975.927
Sri Lanka,2013,20663.045999999998
Sri Lanka,2014,20788.510999999999
Sri Lanka,2015,20908.026999999998
Sri Lanka,2016,21021.170999999998
Sri Lanka,2017,21128.032000000007
Sri Lanka,2018,21228.762999999999
Suède,2013,9618.0159999999996
Suède,2014,9692.1309999999994
Suède,2015,9764.9500000000007
Suède,2016,9836.0069999999996
Suède,2017,9904.8960000000006
Suède,2018,9971.6380000000008
Suisse,2013,8108.8780000000015
Suisse,2014,8206.0020000000004
Suisse,2015,8296.7749999999996
Suisse,2016,8379.9169999999995
Suisse,2017,8455.8040000000001
Suisse,2018,8525.610999999999
Suriname,2013,547.29099999999983
Suriname,2014,553.27300000000002
Suriname,2015,559.14300000000003
Suriname,2016,564.88800000000003
Suriname,2017,570.49599999999998
Suriname,2018,575.99000000000001
Tadjikistan,2013,8059.7690000000002
Tadjikistan,2014,8252.8330000000005
Tadjikistan,2015,8454.0280000000002
Tadjikistan,2016,8663.5789999999997
Tadjikistan,2017,8880.268
Tadjikistan,2018,9100.8349999999991
Tchad,2013,13220.433000000001
Tchad,2014,13663.566000000001
Tchad,2015,14110.975
Tchad,2016,14561.66
Tchad,2017,15016.753000000001
Tchad,2018,15477.728999999999
Tchéquie,2013,10586.532999999999
Tchéquie,2014,10591.108
Tchéquie,2015,10601.397000000001
Tchéquie,2016,10618.857
Tchéquie,2017,10641.034
Tchéquie,2018,10665.677
Thaïlande,2013,68144.517999999996
Thaïlande,2014,68438.745999999999
Thaïlande,2015,68714.510999999999
Thaïlande,2016,68971.308000000005
Thaïlande,2017,69209.809999999998
Thaïlande,2018,69428.452999999994
Timor-Leste,2013,1153.2940000000001
Timor-Leste,2014,1174.3309999999999
Timor-Leste,2015,1196.3019999999999
Timor-Leste,2016,1219.288
Timor-Leste,2017,1243.258
Timor-Leste,2018,1267.9739999999999
Togo,2013,6954.7219999999998
Togo,2014,7138
Togo,2015,7323.1580000000004
Togo,2016,7509.951
Togo,2017,7698.4740000000002
Togo,2018,7889.0930000000017
Tokélaou,2013,1.1870000000000001
Tokélaou,2014,1.2190000000000001
Tokélaou,2015,1.252
Tokélaou,2016,1.2819999999999998
Tokélaou,2017,1.3
Tokélaou,2018,1.319
Tonga,2013,101.768
Tonga,2014,101.02800000000001
Tonga,2015,100.78100000000001
Tonga,2016,101.133
Tonga,2017,101.998
Tonga,2018,103.197
Trinité-et-Tobago,2013,1353.703
Trinité-et-Tobago,2014,1362.345
Trinité-et-Tobago,2015,1370.328
Trinité-et-Tobago,2016,1377.5599999999999
Trinité-et-Tobago,2017,1384.059
Trinité-et-Tobago,2018,1389.8429999999996
Tunisie,2013,10952.950999999999
Tunisie,2014,11063.200999999999
Tunisie,2015,11179.949000000001
Tunisie,2016,11303.945
Tunisie,2017,11433.442999999999
Tunisie,2018,11565.200999999999
Turkménistan,2013,5366.3780000000015
Turkménistan,2014,5466.3280000000004
Turkménistan,2015,5565.2869999999984
Turkménistan,2016,5662.3680000000004
Turkménistan,2017,5757.6670000000004
Turkménistan,2018,5850.9009999999998
Turquie,2013,75925.462
Turquie,2014,77229.255999999994
Turquie,2015,78529.409
Turquie,2016,79827.870999999999
Turquie,2017,81116.449999999997
Turquie,2018,82340.088000000003
Tuvalu,2013,10.856999999999999
Tuvalu,2014,10.972
Tuvalu,2015,11.099
Tuvalu,2016,11.225
Tuvalu,2017,11.369999999999999
Tuvalu,2018,11.507999999999999
Ukraine,2013,45286.983
Ukraine,2014,45111.531999999999
Ukraine,2015,44921.639000000003
Ukraine,2016,44713.702000000012
Ukraine,2017,44487.709000000003
Ukraine,2018,44246.156000000003
Uruguay,2013,3389.4430000000002
Uruguay,2014,3400.4360000000001
Uruguay,2015,3412.009
Uruguay,2016,3424.1290000000008
Uruguay,2017,3436.6410000000001
Uruguay,2018,3449.2849999999999
Vanuatu,2013,256.63499999999999
Vanuatu,2014,263.88799999999998
Vanuatu,2015,271.13
Vanuatu,2016,278.32999999999998
Vanuatu,2017,285.50999999999999
Vanuatu,2018,292.68000000000001
Venezuela (République bolivarienne du),2013,29781.040000000001
Venezuela (République bolivarienne du),2014,30042.968000000001
Venezuela (République bolivarienne du),2015,30081.829000000002
Venezuela (République bolivarienne du),2016,29851.255000000001
Venezuela (République bolivarienne du),2017,29402.484
Venezuela (République bolivarienne du),2018,28887.117999999999
Viet Nam,2013,90752.592000000004
Viet Nam,2014,91713.847999999998
Viet Nam,2015,92677.076000000001
Viet Nam,2016,93640.422000000006
Viet Nam,2017,94600.648000000001
Viet Nam,2018,95545.962
Yémen,2013,25147.109
Yémen,2014,25823.485000000001
Yémen,2015,26497.888999999999
Yémen,2016,27168.207999999999
Yémen,2017,27834.819
Yémen,2018,28498.683000000001
Zambie,2013,14926.544
Zambie,2014,15399.788
Zambie,2015,15879.361000000001
Zambie,2016,16363.458000000001
Zambie,2017,16853.598999999998
Zambie,2018,17351.707999999999
Zimbabwe,2013,13350.373
Zimbabwe,2014,13586.707
Zimbabwe,2015,13814.629000000001
Zimbabwe,2016,14030.331
Zimbabwe,2017,14236.594999999999
Zimbabwe,2018,14438.802
